name,name_en,name_ar,sub_title,sub_title_en,sub_title_ar,description,description_en,description_ar,is_top_category,first_has_top_categoryss,image,is_active,visit_count
التحكم الآلي في المنزل,Home Automation,التحكم الآلي في المنزل,التحكم الآلي في المنزل,Home Automation,التحكم الآلي في المنزل,أتمتة الأجهزة المنزلية لتوفير الراحة.,Automating home devices for convenience.,أتمتة الأجهزة المنزلية لتوفير الراحة.,0,14,,1,
نظام العرض,Projection System,نظام العرض,نظام العرض,Projection System,نظام العرض,نظام لعرض الصور أو الفيديوهات.,System for projecting images or videos.,نظام لعرض الصور أو الفيديوهات.,0,14,,1,
كشك,KIOSK,كشك,كشك,KIOSK,كشك,محطة تفاعلية ذاتية الخدمة.,Self-service interactive terminal.,محطة تفاعلية ذاتية الخدمة.,0,14,,1,
شاشة LED,LED Screen,شاشة LED,شاشة LED,LED Screen,شاشة LED,شاشة عرض LED عالية الوضوح.,High-definition LED display screen.,شاشة عرض LED عالية الوضوح.,0,14,,1,
اللوحات الرقمية,Digital Signage,اللوحات الرقمية,اللوحات الرقمية,Digital Signage,اللوحات الرقمية,شاشات رقمية للإعلانات أو المعلومات.,Digital displays for advertising or information.,شاشات رقمية للإعلانات أو المعلومات.,0,14,,1,
الاتصالات الموحدة,Unified Communication,الاتصالات الموحدة,الاتصالات الموحدة,Unified Communication,الاتصالات الموحدة,دمج أدوات الاتصال في منصة واحدة.,Integrating communication tools in one platform.,دمج أدوات الاتصال في منصة واحدة.,0,14,,1,0
نظام التحكم,Control System,نظام التحكم,نظام التحكم,Control System,نظام التحكم,نظام لإدارة والتحكم في الأجهزة.,System for managing and controlling devices.,نظام لإدارة والتحكم في الأجهزة.,0,14,,1,0
لوحة تفاعلية,Interactive Panel,لوحة تفاعلية,لوحة تفاعلية,Interactive Panel,لوحة تفاعلية,لوحة تعمل باللمس للاستخدام التفاعلي.,Touch-enabled panel for interactive use.,لوحة تعمل باللمس للاستخدام التفاعلي.,0,14,,1,0
نظام الصوت,Audio System,نظام الصوت,نظام الصوت,Audio System,نظام الصوت,معدات لإخراج صوت عالي الجودة.,Equipment for high-quality audio output.,معدات لإخراج صوت عالي الجودة.,0,14,,1,
نظام المناقشة والترجمة,Discussion & Interpretation System,نظام المناقشة والترجمة,نظام المناقشة والترجمة,Discussion & Interpretation System,نظام المناقشة والترجمة,نظام للمناقشات وترجمة اللغات.,System for discussions and language interpretation.,نظام للمناقشات وترجمة اللغات.,0,14,,1,
حجز الغرف,Room Booking (Room Scheduling),حجز الغرف,حجز الغرف,Room Booking (Room Scheduling),حجز الغرف,نظام لجدولة وحجز الغرف.,System for scheduling and booking rooms.,نظام لجدولة وحجز الغرف.,0,14,,1,
بث الفيديو,Video Streaming,بث الفيديو,بث الفيديو,Video Streaming,بث الفيديو,بث المحتوى المرئي المباشر أو المسجل.,Streaming live or recorded video content.,بث المحتوى المرئي المباشر أو المسجل.,0,14,,1,
نظام الساعة,Clock System,نظام الساعة,نظام الساعة,Clock System,نظام الساعة,نظام ساعات مركزي لمزامنة الوقت.,Centralized clock system for time synchronization.,نظام ساعات مركزي لمزامنة الوقت.,0,14,,1,
إدارة الطوابير,Queue Management,إدارة الطوابير,إدارة الطوابير,Queue Management,إدارة الطوابير,نظام لإدارة طوابير العملاء.,System for managing customer queues.,نظام لإدارة طوابير العملاء.,0,14,,1,
منصة إلكترونية,E-Podium,منصة إلكترونية,منصة إلكترونية,E-Podium,منصة إلكترونية,منصة رقمية للعروض التقديمية.,Digital platform for presentations.,منصة رقمية للعروض التقديمية.,0,14,,1,
منبر,Lectern,منبر,منبر,Lectern,منبر,حامل ملاحظات للعروض التقديمية.,Stand for holding notes during presentations.,حامل ملاحظات للعروض التقديمية.,0,14,,1,
وحدة تحكم,Console,وحدة تحكم,وحدة تحكم,Console,وحدة تحكم,جهاز للتحكم في أنظمة متعددة.,Device for controlling multiple systems.,جهاز للتحكم في أنظمة متعددة.,0,14,,1,
