name,name_en,name_ar,sub_title,sub_title_en,sub_title_ar,description,description_en,description_ar,logo,is_active,categories,categories2,categories3,categories4,categories5,categoriesAll
Epson,Epson,Epson,Epson,Epson,Epson,,,,,1,,,,,,"32, 52"
7C,7C,7C,7C,7C,7C,,,,,1,,,,,,"32, 39, 108, 109, 110, 113"
HD focus,HD focus,HD focus,HD focus,HD focus,HD focus,,,,,1,,,,,,32
unilumin,unilumin,unilumin,unilumin,unilumin,unilumin,,,,,1,,,,,,32
BOE,BOE,BOE,BOE,BOE,BOE,,,,,1,,,,,,"32, 39"
PADs4,PADs4,PADs4,PADs4,PADs4,PADs4,,,,,1,,,,,,36
CISCO,CISCO,CISCO,CISCO,CISCO,CISCO,,,,,1,,,,,,"37, 51"
YALINK,YALINK,YALINK,YALINK,YALINK,YALINK,,,,,1,,,,,,37
JABRA,JABRA,JABRA,JABRA,JABRA,JABRA,,,,,1,,,,,,37
LOGITECH,LOGITECH,LOGITECH,LOGITECH,LOGITECH,LOGITECH,,,,,1,,,,,,37
POLY,POLY,POLY,POLY,POLY,POLY,,,,,1,,,,,,37
CRESTRON,CRESTRON,CRESTRON,CRESTRON,CRESTRON,CRESTRON,,,,,1,,,,,,"38, 42"
EXTRON,EXTRON,EXTRON,EXTRON,EXTRON,EXTRON,,,,,1,,,,,,38
PROMETHEAN,PROMETHEAN,PROMETHEAN,PROMETHEAN,PROMETHEAN,PROMETHEAN,,,,,1,,,,,,39
SENNHEISER,SENNHEISER,SENNHEISER,SENNHEISER,SENNHEISER,SENNHEISER,,,,,1,,,,,,"40, 41"
Q-SYS,Q-SYS,Q-SYS,Q-SYS,Q-SYS,Q-SYS,,,,,1,,,,,,40
BIAMP,BIAMP,BIAMP,BIAMP,BIAMP,BIAMP,,,,,1,,,,,,40
BOSE,BOSE,BOSE,BOSE,BOSE,BOSE,,,,,1,,,,,,40
SHURE,SHURE,SHURE,SHURE,SHURE,SHURE,,,,,1,,,,,,"40, 41"
TELEVIC,TELEVIC,TELEVIC,TELEVIC,TELEVIC,TELEVIC,,,,,1,,,,,,41
IADEA,IADEA,IADEA,IADEA,IADEA,IADEA,,,,,1,,,,,,42
MEDIA SITE,MEDIA SITE,MEDIA SITE,MEDIA SITE,MEDIA SITE,MEDIA SITE,,,,,1,,,,,,43
SAPLING,SAPLING,SAPLING,SAPLING,SAPLING,SAPLING,,,,,1,,,,,,44
Q-NET,Q-NET,Q-NET,Q-NET,Q-NET,Q-NET,,,,,1,,,,,,45
AHA,AHA,AHA,AHA,AHA,AHA,,,,,1,,,,,,46
SPF,SPF,SPF,SPF,SPF,SPF,,,,,1,,,,,,"46, 48"
ILS,ILS,ILS,ILS,ILS,ILS,,,,,1,,,,,,46
DA-LITE,DA-LITE,DA-LITE,DA-LITE,DA-LITE,DA-LITE,,,,,1,,,,,,47
KESINO,KESINO,KESINO,KESINO,KESINO,KESINO,,,,,1,,,,,,48
TPLINK,TPLINK,TPLINK,TPLINK,TPLINK,TPLINK,,,,,1,,,,,,51
NETGEAR,NETGEAR,NETGEAR,NETGEAR,NETGEAR,NETGEAR,,,,,1,,,,,,51
LINKSYS,LINKSYS,LINKSYS,LINKSYS,LINKSYS,LINKSYS,,,,,1,,,,,,51
HUAWEI,HUAWEI,HUAWEI,HUAWEI,HUAWEI,HUAWEI,,,,,1,,,,,,51
APPLE,APPLE,APPLE,APPLE,APPLE,APPLE,,,,,1,,,,,,52
DELL,DELL,DELL,DELL,DELL,DELL,,,,,1,,,,,,52
HP,HP,HP,HP,HP,HP,,,,,1,,,,,,52
SUNON,SUNON,SUNON,SUNON,SUNON,SUNON,,,,,1,,,,,,"82, 65, 66, 67, 68, 69, 70, 71"
QUADROFOGLIO,QUADROFOGLIO,QUADROFOGLIO,QUADROFOGLIO,QUADROFOGLIO,QUADROFOGLIO,,,,,1,,,,,,"82, 66"
RS OFFICE,RS OFFICE,RS OFFICE,RS OFFICE,RS OFFICE,RS OFFICE,,,,,1,,,,,,82
NEWFORM,NEWFORM,NEWFORM,NEWFORM,NEWFORM,NEWFORM,,,,,1,,,,,,65
QUADROF,QUADROF,QUADROF,QUADROF,QUADROF,QUADROF,,,,,1,,,,,,"67, 69, 71"
INTERSHTUHL,INTERSHTUHL,INTERSHTUHL,INTERSHTUHL,INTERSHTUHL,INTERSHTUHL,,,,,1,,,,,,67
SITLAND,SITLAND,SITLAND,SITLAND,SITLAND,SITLAND,,,,,1,,,,,,67
NEWMOR,NEWMOR,NEWMOR,NEWMOR,NEWMOR,NEWMOR,,,,,1,,,,,,86
RADICI,RADICI,RADICI,RADICI,RADICI,RADICI,,,,,1,,,,,,96
BERRY ALLOC,BERRY ALLOC,BERRY ALLOC,BERRY ALLOC,BERRY ALLOC,BERRY ALLOC,,,,,1,,,,,,"97, 98, 99"
NEW FLOOR,NEW FLOOR,NEW FLOOR,NEW FLOOR,NEW FLOOR,NEW FLOOR,,,,,1,,,,,,100
