title,title_en,title_ar,pages,sections,order,html_content,html_content_en,html_content_ar,command_code
79,79,79,12,,79,"<section class=""section-about about-1 section-full-width"">
    <div class=""section-title-wrapper position-relative"">
 
        <div class=""scroll-move"">
            
        </div>
        
        <div class=""container position-relative"">
            <div class=""section-title position-relative z-index-2"">
                <h2 class=""fw-extra-bold heading-title"">title</h2>
                <p class=""fs-4 fw-semibold mb-0 subtitle subtitle-width"">sub_title</p>
            </div>    
        </div>
    </div>
</section>","<section class=""section-about about-1 section-full-width"">
    <div class=""section-title-wrapper position-relative"">
 
        <div class=""scroll-move"">
            
        </div>
        
        <div class=""container position-relative"">
            <div class=""section-title position-relative z-index-2"">
                <h2 class=""fw-extra-bold heading-title"">title</h2>
                <p class=""fs-4 fw-semibold mb-0 subtitle subtitle-width"">sub_title</p>
            </div>    
        </div>
    </div>
</section>","<section class=""section-about about-1 section-full-width"">
    <div class=""section-title-wrapper position-relative"">
 
        <div class=""scroll-move"">
       
        </div>
        
        <div class=""container position-relative""  style="" direction: rtl;"">
            <div class=""section-title position-relative z-index-2"">
                <h2 class=""fw-extra-bold heading-title"">العنوان</h2>
                <p class=""fs-4 fw-semibold mb-0 subtitle subtitle-width"">العنوانا لفرعى</p>
            </div>    
        </div>
    </div>
</section>",
80,80,80,12,19,80,,,,templet_app/section/blog/blog_list.html
70,70,70,12,20,70,,,,templet_app/section/product/product_list.html
69,69,69,12,,69,"<section class=""section-about about-1 section-full-width"">
    <div class=""section-title-wrapper position-relative"">
 
        <div class=""scroll-move"">
            
        </div>
        
        <div class=""container position-relative"">
            <div class=""section-title position-relative z-index-2"">
                <h2 class=""fw-extra-bold heading-title"">title</h2>
                <p class=""fs-4 fw-semibold mb-0 subtitle subtitle-width"">sub_title</p>
            </div>    
        </div>
    </div>
</section>","<section class=""section-about about-1 section-full-width"">
    <div class=""section-title-wrapper position-relative"">
 
        <div class=""scroll-move"">
            
        </div>
        
        <div class=""container position-relative"">
            <div class=""section-title position-relative z-index-2"">
                <h2 class=""fw-extra-bold heading-title"">title</h2>
                <p class=""fs-4 fw-semibold mb-0 subtitle subtitle-width"">sub_title</p>
            </div>    
        </div>
    </div>
</section>","<section class=""section-about about-1 section-full-width"">
    <div class=""section-title-wrapper position-relative"">
 
        <div class=""scroll-move"">
       
        </div>
        
        <div class=""container position-relative""  style="" direction: rtl;"">
            <div class=""section-title position-relative z-index-2"">
                <h2 class=""fw-extra-bold heading-title"">العنوان</h2>
                <p class=""fs-4 fw-semibold mb-0 subtitle subtitle-width"">العنوانا لفرعى</p>
            </div>    
        </div>
    </div>
</section>",
60,60,60,12,21,60,,,,templet_app/section/TestimonialS_section.html
59,59,59,12,,59,"<section class=""section-about about-1 section-full-width"">
    <div class=""section-title-wrapper position-relative"">
 
        <div class=""scroll-move"">
            
        </div>
        
        <div class=""container position-relative"">
            <div class=""section-title position-relative z-index-2"">
                <h2 class=""fw-extra-bold heading-title"">title</h2>
                <p class=""fs-4 fw-semibold mb-0 subtitle subtitle-width"">sub_title</p>
            </div>    
        </div>
    </div>
</section>","<section class=""section-about about-1 section-full-width"">
    <div class=""section-title-wrapper position-relative"">
 
        <div class=""scroll-move"">
            
        </div>
        
        <div class=""container position-relative"">
            <div class=""section-title position-relative z-index-2"">
                <h2 class=""fw-extra-bold heading-title"">title</h2>
                <p class=""fs-4 fw-semibold mb-0 subtitle subtitle-width"">sub_title</p>
            </div>    
        </div>
    </div>
</section>","<section class=""section-about about-1 section-full-width"">
    <div class=""section-title-wrapper position-relative"">
 
        <div class=""scroll-move"">
       
        </div>
        
        <div class=""container position-relative""  style="" direction: rtl;"">
            <div class=""section-title position-relative z-index-2"">
                <h2 class=""fw-extra-bold heading-title"">العنوان</h2>
                <p class=""fs-4 fw-semibold mb-0 subtitle subtitle-width"">العنوانا لفرعى</p>
            </div>    
        </div>
    </div>
</section>",
49,49,49,12,,49,"<section class=""section-about about-1 section-full-width"">
    <div class=""section-title-wrapper position-relative"">
 
        <div class=""scroll-move"">
            
        </div>
        
        <div class=""container position-relative"">
            <div class=""section-title position-relative z-index-2"">
                <h2 class=""fw-extra-bold heading-title"">title</h2>
                <p class=""fs-4 fw-semibold mb-0 subtitle subtitle-width"">sub_title</p>
            </div>    
        </div>
    </div>
</section>","<section class=""section-about about-1 section-full-width"">
    <div class=""section-title-wrapper position-relative"">
 
        <div class=""scroll-move"">
            
        </div>
        
        <div class=""container position-relative"">
            <div class=""section-title position-relative z-index-2"">
                <h2 class=""fw-extra-bold heading-title"">title</h2>
                <p class=""fs-4 fw-semibold mb-0 subtitle subtitle-width"">sub_title</p>
            </div>    
        </div>
    </div>
</section>","<section class=""section-about about-1 section-full-width"">
    <div class=""section-title-wrapper position-relative"">
 
        <div class=""scroll-move"">
       
        </div>
        
        <div class=""container position-relative""  style="" direction: rtl;"">
            <div class=""section-title position-relative z-index-2"">
                <h2 class=""fw-extra-bold heading-title"">العنوان</h2>
                <p class=""fs-4 fw-semibold mb-0 subtitle subtitle-width"">العنوانا لفرعى</p>
            </div>    
        </div>
    </div>
</section>",
50,50,50,12,22,50,,,,templet_app/section/project_list_section.html
40,40,40,12,24,40,,,,templet_app/section/service_section2.html
39,39,39,12,,39,"<section class=""section-about about-1 section-full-width"">
    <div class=""section-title-wrapper position-relative"">
 
        <div class=""scroll-move"">
            <svg version=""1.2"" xmlns=""http://www.w3.org/2000/svg"" viewBox=""0 0 390 390"" width=""390"" height=""390"">
                <title>New Project</title>
                <style>
                    .s0 { fill: none;stroke:rgb(187, 186, 183);stroke-miterlimit:10;stroke-width: 5.4 } 
                </style>
                <g id=""&lt;Group&gt;"">
                    <g id=""&lt;Group&gt;"">
                        <path id=""&lt;Path&gt;"" class=""s0"" d=""m24.2 118.3l2.2-4.5c5-10.1 11-19.9 17.7-29 6.7-9 14.2-17.5 22.4-25.2 8.2-7.7 17.1-14.8 26.5-20.9 9.6-6.2 19.7-11.6 30.1-16l4.4-1.8-0.5 97z""/>
                        <path id=""&lt;Path&gt;"" class=""s0"" d=""m125.8 372.6l-4.3-1.8c-17-7.3-32.8-17-46.9-28.9-14.1-11.7-26.3-25.4-36.3-40.7-10.2-15.4-18.1-32.1-23.3-49.8-5.5-18.1-8.1-37-7.9-56.1q0-5.2 0.3-10.2 0.4-5.1 1-10.1 0.6-5 1.4-9.9 0.8-4.9 1.9-9.7l0.6-2.4 114.5-0.2z""/>
                        <path id=""&lt;Path&gt;"" class=""s0"" d=""m195.8 385.9q-0.9 0-1.8 0-3.8 0-7.5-0.2-3.7-0.2-7.4-0.5-3.6-0.3-7.3-0.8-3.6-0.4-7.2-1l-2.6-0.4 1-372 2.6-0.5q3.5-0.5 7.1-1 3.6-0.4 7.2-0.7 3.6-0.3 7.3-0.5 3.6-0.2 7.3-0.2c18.4-0.2 36.5 2.3 54 7.3 16.9 4.8 33.1 12.1 48.1 21.5 14.8 9.3 28.3 20.7 40 33.7 11.8 13.2 21.7 27.9 29.4 43.7l2.2 4.4-114.9 0.5 0.1 35.2 126.7-0.3 0.6 2.5q1 4.6 1.7 9.4 0.8 4.8 1.4 9.6 0.5 4.8 0.8 9.7 0.3 5 0.3 9.9c0.1 4.9-0.1 9.8-0.4 14.6-0.3 4.7-0.8 9.5-1.5 14.3-0.7 4.6-1.6 9.3-2.6 13.9-1 4.5-2.2 9.1-3.6 13.6l-0.6 2.2-122.7-0.3 0.1 39.6 104.7 0.6-3 4.7c-8.4 13.2-18.5 25.4-30 36.2-11.5 10.8-24.3 20.1-38 27.8-14 7.7-29 13.6-44.4 17.6-15.3 4-31.2 5.9-47.1 5.9z""/>
                    </g>
                </g>
            </svg>
        </div>
        
        <div class=""container position-relative"">
            <div class=""section-title position-relative z-index-2"">
                <h2 class=""fw-extra-bold heading-title"">title</h2>
                <p class=""fs-4 fw-semibold mb-0 subtitle subtitle-width"">sub_title</p>
            </div>    
        </div>
    </div>
</section>","<section class=""section-about about-1 section-full-width"">
    <div class=""section-title-wrapper position-relative"">
 
        <div class=""scroll-move"">
            <svg version=""1.2"" xmlns=""http://www.w3.org/2000/svg"" viewBox=""0 0 390 390"" width=""390"" height=""390"">
                <title>New Project</title>
                <style>
                    .s0 { fill: none;stroke:rgb(187, 186, 183);stroke-miterlimit:10;stroke-width: 5.4 } 
                </style>
                <g id=""&lt;Group&gt;"">
                    <g id=""&lt;Group&gt;"">
                        <path id=""&lt;Path&gt;"" class=""s0"" d=""m24.2 118.3l2.2-4.5c5-10.1 11-19.9 17.7-29 6.7-9 14.2-17.5 22.4-25.2 8.2-7.7 17.1-14.8 26.5-20.9 9.6-6.2 19.7-11.6 30.1-16l4.4-1.8-0.5 97z""/>
                        <path id=""&lt;Path&gt;"" class=""s0"" d=""m125.8 372.6l-4.3-1.8c-17-7.3-32.8-17-46.9-28.9-14.1-11.7-26.3-25.4-36.3-40.7-10.2-15.4-18.1-32.1-23.3-49.8-5.5-18.1-8.1-37-7.9-56.1q0-5.2 0.3-10.2 0.4-5.1 1-10.1 0.6-5 1.4-9.9 0.8-4.9 1.9-9.7l0.6-2.4 114.5-0.2z""/>
                        <path id=""&lt;Path&gt;"" class=""s0"" d=""m195.8 385.9q-0.9 0-1.8 0-3.8 0-7.5-0.2-3.7-0.2-7.4-0.5-3.6-0.3-7.3-0.8-3.6-0.4-7.2-1l-2.6-0.4 1-372 2.6-0.5q3.5-0.5 7.1-1 3.6-0.4 7.2-0.7 3.6-0.3 7.3-0.5 3.6-0.2 7.3-0.2c18.4-0.2 36.5 2.3 54 7.3 16.9 4.8 33.1 12.1 48.1 21.5 14.8 9.3 28.3 20.7 40 33.7 11.8 13.2 21.7 27.9 29.4 43.7l2.2 4.4-114.9 0.5 0.1 35.2 126.7-0.3 0.6 2.5q1 4.6 1.7 9.4 0.8 4.8 1.4 9.6 0.5 4.8 0.8 9.7 0.3 5 0.3 9.9c0.1 4.9-0.1 9.8-0.4 14.6-0.3 4.7-0.8 9.5-1.5 14.3-0.7 4.6-1.6 9.3-2.6 13.9-1 4.5-2.2 9.1-3.6 13.6l-0.6 2.2-122.7-0.3 0.1 39.6 104.7 0.6-3 4.7c-8.4 13.2-18.5 25.4-30 36.2-11.5 10.8-24.3 20.1-38 27.8-14 7.7-29 13.6-44.4 17.6-15.3 4-31.2 5.9-47.1 5.9z""/>
                    </g>
                </g>
            </svg>
        </div>
        
        <div class=""container position-relative"">
            <div class=""section-title position-relative z-index-2"">
                <h2 class=""fw-extra-bold heading-title"">title</h2>
                <p class=""fs-4 fw-semibold mb-0 subtitle subtitle-width"">sub_title</p>
            </div>    
        </div>
    </div>
</section>","<section class=""section-about about-1 section-full-width"">
    <div class=""section-title-wrapper position-relative"">
 
        <div class=""scroll-move"">
            <svg version=""1.2"" xmlns=""http://www.w3.org/2000/svg"" viewBox=""0 0 390 390"" width=""390"" height=""390"">
                <title>New Project</title>
                <style>
                    .s0 { fill: none;stroke:rgb(187, 186, 183);stroke-miterlimit:10;stroke-width: 5.4 } 
                </style>
                <g id=""&lt;Group&gt;"">
                    <g id=""&lt;Group&gt;"">
                        <path id=""&lt;Path&gt;"" class=""s0"" d=""m24.2 118.3l2.2-4.5c5-10.1 11-19.9 17.7-29 6.7-9 14.2-17.5 22.4-25.2 8.2-7.7 17.1-14.8 26.5-20.9 9.6-6.2 19.7-11.6 30.1-16l4.4-1.8-0.5 97z""/>
                        <path id=""&lt;Path&gt;"" class=""s0"" d=""m125.8 372.6l-4.3-1.8c-17-7.3-32.8-17-46.9-28.9-14.1-11.7-26.3-25.4-36.3-40.7-10.2-15.4-18.1-32.1-23.3-49.8-5.5-18.1-8.1-37-7.9-56.1q0-5.2 0.3-10.2 0.4-5.1 1-10.1 0.6-5 1.4-9.9 0.8-4.9 1.9-9.7l0.6-2.4 114.5-0.2z""/>
                        <path id=""&lt;Path&gt;"" class=""s0"" d=""m195.8 385.9q-0.9 0-1.8 0-3.8 0-7.5-0.2-3.7-0.2-7.4-0.5-3.6-0.3-7.3-0.8-3.6-0.4-7.2-1l-2.6-0.4 1-372 2.6-0.5q3.5-0.5 7.1-1 3.6-0.4 7.2-0.7 3.6-0.3 7.3-0.5 3.6-0.2 7.3-0.2c18.4-0.2 36.5 2.3 54 7.3 16.9 4.8 33.1 12.1 48.1 21.5 14.8 9.3 28.3 20.7 40 33.7 11.8 13.2 21.7 27.9 29.4 43.7l2.2 4.4-114.9 0.5 0.1 35.2 126.7-0.3 0.6 2.5q1 4.6 1.7 9.4 0.8 4.8 1.4 9.6 0.5 4.8 0.8 9.7 0.3 5 0.3 9.9c0.1 4.9-0.1 9.8-0.4 14.6-0.3 4.7-0.8 9.5-1.5 14.3-0.7 4.6-1.6 9.3-2.6 13.9-1 4.5-2.2 9.1-3.6 13.6l-0.6 2.2-122.7-0.3 0.1 39.6 104.7 0.6-3 4.7c-8.4 13.2-18.5 25.4-30 36.2-11.5 10.8-24.3 20.1-38 27.8-14 7.7-29 13.6-44.4 17.6-15.3 4-31.2 5.9-47.1 5.9z""/>
                    </g>
                </g>
            </svg>
        </div>
        
        <div class=""container position-relative""  style="" direction: rtl;"">
            <div class=""section-title position-relative z-index-2"">
                <h2 class=""fw-extra-bold heading-title"">العنوان</h2>
                <p class=""fs-4 fw-semibold mb-0 subtitle subtitle-width"">العنوانا لفرعى</p>
            </div>    
        </div>
    </div>
</section>",
30,30,30,12,25,30,,,,templet_app/section/catagory_section.html
29,29,29,12,,29,"<section class=""section-about about-1 section-full-width"">
    <div class=""section-title-wrapper position-relative"">
  <div class=""scroll-move"">
                <span class=""scrolling-text display-1 fw-extra-bold stroke-title text-stroke stroke-opacity-20 stroke-width-1 stroke-primary lh-1"">IDEC</span>
            </div>	
         <div class=""container position-relative"">
            <div class=""section-title position-relative z-index-2"">
                <h2 class=""fw-extra-bold heading-title"">title</h2>
                <p class=""fs-4 fw-semibold mb-0 subtitle subtitle-width"">sub_title</p>
            </div>    
        </div>
    </div>
</section>","<section class=""section-about about-1 section-full-width"">
    <div class=""section-title-wrapper position-relative"">
  <div class=""scroll-move"">
                <span class=""scrolling-text display-1 fw-extra-bold stroke-title text-stroke stroke-opacity-20 stroke-width-1 stroke-primary lh-1"">IDEC</span>
            </div>	
         <div class=""container position-relative"">
            <div class=""section-title position-relative z-index-2"">
                <h2 class=""fw-extra-bold heading-title"">title</h2>
                <p class=""fs-4 fw-semibold mb-0 subtitle subtitle-width"">sub_title</p>
            </div>    
        </div>
    </div>
</section>","<section class=""section-about about-1 section-full-width"">
    <div class=""section-title-wrapper position-relative"">
  <div class=""scroll-move"">
                <span class=""scrolling-text display-1 fw-extra-bold stroke-title text-stroke stroke-opacity-20 stroke-width-1 stroke-primary lh-1"">IDEC</span>
            </div>	
 
        <div class=""container position-relative""  style="" direction: rtl;"">
            <div class=""section-title position-relative z-index-2"">
                <h2 class=""fw-extra-bold heading-title"">العنوان</h2>
                <p class=""fs-4 fw-semibold mb-0 subtitle subtitle-width"">العنوانا لفرعى</p>
            </div>    
        </div>
    </div>
</section>",
19,19,19,12,,19,"<section class=""section-about about-1 section-full-width"">
    <div class=""section-title-wrapper position-relative"">
 
        <div class=""scroll-move"">
            <svg version=""1.2"" xmlns=""http://www.w3.org/2000/svg"" viewBox=""0 0 390 390"" width=""390"" height=""390"">
                <title>New Project</title>
                <style>
                    .s0 { fill: none;stroke:rgb(187, 186, 183);stroke-miterlimit:10;stroke-width: 5.4 } 
                </style>
                <g id=""&lt;Group&gt;"">
                    <g id=""&lt;Group&gt;"">
                        <path id=""&lt;Path&gt;"" class=""s0"" d=""m24.2 118.3l2.2-4.5c5-10.1 11-19.9 17.7-29 6.7-9 14.2-17.5 22.4-25.2 8.2-7.7 17.1-14.8 26.5-20.9 9.6-6.2 19.7-11.6 30.1-16l4.4-1.8-0.5 97z""/>
                        <path id=""&lt;Path&gt;"" class=""s0"" d=""m125.8 372.6l-4.3-1.8c-17-7.3-32.8-17-46.9-28.9-14.1-11.7-26.3-25.4-36.3-40.7-10.2-15.4-18.1-32.1-23.3-49.8-5.5-18.1-8.1-37-7.9-56.1q0-5.2 0.3-10.2 0.4-5.1 1-10.1 0.6-5 1.4-9.9 0.8-4.9 1.9-9.7l0.6-2.4 114.5-0.2z""/>
                        <path id=""&lt;Path&gt;"" class=""s0"" d=""m195.8 385.9q-0.9 0-1.8 0-3.8 0-7.5-0.2-3.7-0.2-7.4-0.5-3.6-0.3-7.3-0.8-3.6-0.4-7.2-1l-2.6-0.4 1-372 2.6-0.5q3.5-0.5 7.1-1 3.6-0.4 7.2-0.7 3.6-0.3 7.3-0.5 3.6-0.2 7.3-0.2c18.4-0.2 36.5 2.3 54 7.3 16.9 4.8 33.1 12.1 48.1 21.5 14.8 9.3 28.3 20.7 40 33.7 11.8 13.2 21.7 27.9 29.4 43.7l2.2 4.4-114.9 0.5 0.1 35.2 126.7-0.3 0.6 2.5q1 4.6 1.7 9.4 0.8 4.8 1.4 9.6 0.5 4.8 0.8 9.7 0.3 5 0.3 9.9c0.1 4.9-0.1 9.8-0.4 14.6-0.3 4.7-0.8 9.5-1.5 14.3-0.7 4.6-1.6 9.3-2.6 13.9-1 4.5-2.2 9.1-3.6 13.6l-0.6 2.2-122.7-0.3 0.1 39.6 104.7 0.6-3 4.7c-8.4 13.2-18.5 25.4-30 36.2-11.5 10.8-24.3 20.1-38 27.8-14 7.7-29 13.6-44.4 17.6-15.3 4-31.2 5.9-47.1 5.9z""/>
                    </g>
                </g>
            </svg>
        </div>
        
        <div class=""container position-relative"">
            <div class=""section-title position-relative z-index-2"">
                <h2 class=""fw-extra-bold heading-title"">title</h2>
                <p class=""fs-4 fw-semibold mb-0 subtitle subtitle-width"">sub_title</p>
            </div>    
        </div>
    </div>
</section>","<section class=""section-about about-1 section-full-width"">
    <div class=""section-title-wrapper position-relative"">
 
        <div class=""scroll-move"">
            <svg version=""1.2"" xmlns=""http://www.w3.org/2000/svg"" viewBox=""0 0 390 390"" width=""390"" height=""390"">
                <title>New Project</title>
                <style>
                    .s0 { fill: none;stroke:rgb(187, 186, 183);stroke-miterlimit:10;stroke-width: 5.4 } 
                </style>
                <g id=""&lt;Group&gt;"">
                    <g id=""&lt;Group&gt;"">
                        <path id=""&lt;Path&gt;"" class=""s0"" d=""m24.2 118.3l2.2-4.5c5-10.1 11-19.9 17.7-29 6.7-9 14.2-17.5 22.4-25.2 8.2-7.7 17.1-14.8 26.5-20.9 9.6-6.2 19.7-11.6 30.1-16l4.4-1.8-0.5 97z""/>
                        <path id=""&lt;Path&gt;"" class=""s0"" d=""m125.8 372.6l-4.3-1.8c-17-7.3-32.8-17-46.9-28.9-14.1-11.7-26.3-25.4-36.3-40.7-10.2-15.4-18.1-32.1-23.3-49.8-5.5-18.1-8.1-37-7.9-56.1q0-5.2 0.3-10.2 0.4-5.1 1-10.1 0.6-5 1.4-9.9 0.8-4.9 1.9-9.7l0.6-2.4 114.5-0.2z""/>
                        <path id=""&lt;Path&gt;"" class=""s0"" d=""m195.8 385.9q-0.9 0-1.8 0-3.8 0-7.5-0.2-3.7-0.2-7.4-0.5-3.6-0.3-7.3-0.8-3.6-0.4-7.2-1l-2.6-0.4 1-372 2.6-0.5q3.5-0.5 7.1-1 3.6-0.4 7.2-0.7 3.6-0.3 7.3-0.5 3.6-0.2 7.3-0.2c18.4-0.2 36.5 2.3 54 7.3 16.9 4.8 33.1 12.1 48.1 21.5 14.8 9.3 28.3 20.7 40 33.7 11.8 13.2 21.7 27.9 29.4 43.7l2.2 4.4-114.9 0.5 0.1 35.2 126.7-0.3 0.6 2.5q1 4.6 1.7 9.4 0.8 4.8 1.4 9.6 0.5 4.8 0.8 9.7 0.3 5 0.3 9.9c0.1 4.9-0.1 9.8-0.4 14.6-0.3 4.7-0.8 9.5-1.5 14.3-0.7 4.6-1.6 9.3-2.6 13.9-1 4.5-2.2 9.1-3.6 13.6l-0.6 2.2-122.7-0.3 0.1 39.6 104.7 0.6-3 4.7c-8.4 13.2-18.5 25.4-30 36.2-11.5 10.8-24.3 20.1-38 27.8-14 7.7-29 13.6-44.4 17.6-15.3 4-31.2 5.9-47.1 5.9z""/>
                    </g>
                </g>
            </svg>
        </div>
        
        <div class=""container position-relative"">
            <div class=""section-title position-relative z-index-2"">
                <h2 class=""fw-extra-bold heading-title"">title</h2>
                <p class=""fs-4 fw-semibold mb-0 subtitle subtitle-width"">sub_title</p>
            </div>    
        </div>
    </div>
</section>","<section class=""section-about about-1 section-full-width"">
    <div class=""section-title-wrapper position-relative"">
 
        <div class=""scroll-move"">
            <svg version=""1.2"" xmlns=""http://www.w3.org/2000/svg"" viewBox=""0 0 390 390"" width=""390"" height=""390"">
                <title>New Project</title>
                <style>
                    .s0 { fill: none;stroke:rgb(187, 186, 183);stroke-miterlimit:10;stroke-width: 5.4 } 
                </style>
                <g id=""&lt;Group&gt;"">
                    <g id=""&lt;Group&gt;"">
                        <path id=""&lt;Path&gt;"" class=""s0"" d=""m24.2 118.3l2.2-4.5c5-10.1 11-19.9 17.7-29 6.7-9 14.2-17.5 22.4-25.2 8.2-7.7 17.1-14.8 26.5-20.9 9.6-6.2 19.7-11.6 30.1-16l4.4-1.8-0.5 97z""/>
                        <path id=""&lt;Path&gt;"" class=""s0"" d=""m125.8 372.6l-4.3-1.8c-17-7.3-32.8-17-46.9-28.9-14.1-11.7-26.3-25.4-36.3-40.7-10.2-15.4-18.1-32.1-23.3-49.8-5.5-18.1-8.1-37-7.9-56.1q0-5.2 0.3-10.2 0.4-5.1 1-10.1 0.6-5 1.4-9.9 0.8-4.9 1.9-9.7l0.6-2.4 114.5-0.2z""/>
                        <path id=""&lt;Path&gt;"" class=""s0"" d=""m195.8 385.9q-0.9 0-1.8 0-3.8 0-7.5-0.2-3.7-0.2-7.4-0.5-3.6-0.3-7.3-0.8-3.6-0.4-7.2-1l-2.6-0.4 1-372 2.6-0.5q3.5-0.5 7.1-1 3.6-0.4 7.2-0.7 3.6-0.3 7.3-0.5 3.6-0.2 7.3-0.2c18.4-0.2 36.5 2.3 54 7.3 16.9 4.8 33.1 12.1 48.1 21.5 14.8 9.3 28.3 20.7 40 33.7 11.8 13.2 21.7 27.9 29.4 43.7l2.2 4.4-114.9 0.5 0.1 35.2 126.7-0.3 0.6 2.5q1 4.6 1.7 9.4 0.8 4.8 1.4 9.6 0.5 4.8 0.8 9.7 0.3 5 0.3 9.9c0.1 4.9-0.1 9.8-0.4 14.6-0.3 4.7-0.8 9.5-1.5 14.3-0.7 4.6-1.6 9.3-2.6 13.9-1 4.5-2.2 9.1-3.6 13.6l-0.6 2.2-122.7-0.3 0.1 39.6 104.7 0.6-3 4.7c-8.4 13.2-18.5 25.4-30 36.2-11.5 10.8-24.3 20.1-38 27.8-14 7.7-29 13.6-44.4 17.6-15.3 4-31.2 5.9-47.1 5.9z""/>
                    </g>
                </g>
            </svg>
        </div>
        
        <div class=""container position-relative""  style="" direction: rtl;"">
            <div class=""section-title position-relative z-index-2"">
                <h2 class=""fw-extra-bold heading-title"">العنوان</h2>
                <p class=""fs-4 fw-semibold mb-0 subtitle subtitle-width"">العنوانا لفرعى</p>
            </div>    
        </div>
    </div>
</section>",
20,20,20,12,26,20,,,,templet_app/section/feedback.html
9,9,9,12,,9,"<section class=""section-about about-1 section-full-width"">
    <div class=""section-title-wrapper position-relative"">
 
        <div class=""scroll-move"">
            
        </div>
        
        <div class=""container position-relative"">
            <div class=""section-title position-relative z-index-2"">
                <h2 class=""fw-extra-bold heading-title"">title</h2>
                <p class=""fs-4 fw-semibold mb-0 subtitle subtitle-width"">sub_title</p>
            </div>    
        </div>
    </div>
</section>","<section class=""section-about about-1 section-full-width"">
    <div class=""section-title-wrapper position-relative"">
 
        <div class=""scroll-move"">
            
        </div>
        
        <div class=""container position-relative"">
            <div class=""section-title position-relative z-index-2"">
                <h2 class=""fw-extra-bold heading-title"">title</h2>
                <p class=""fs-4 fw-semibold mb-0 subtitle subtitle-width"">sub_title</p>
            </div>    
        </div>
    </div>
</section>","<section class=""section-about about-1 section-full-width"">
    <div class=""section-title-wrapper position-relative"">
 
        <div class=""scroll-move"">
       
        </div>
        
        <div class=""container position-relative""  style="" direction: rtl;"">
            <div class=""section-title position-relative z-index-2"">
                <h2 class=""fw-extra-bold heading-title"">العنوان</h2>
                <p class=""fs-4 fw-semibold mb-0 subtitle subtitle-width"">العنوانا لفرعى</p>
            </div>    
        </div>
    </div>
</section>",
10,10,10,12,27,10,,,,templet_app/section/about_photo.html
1,1,1,12,28,1,,,,templet_app/section/slider_video.html
