title,title_en,title_ar,sub_title,sub_title_en,sub_title_ar,year,project_type,project_type_en,project_type_ar,is_active,html_content,html_content_en,html_content_ar
غرفة المؤتمرات عالية المستوى للتجارة في أرامكو,Aramco trading high profile conferenec room,غرفة المؤتمرات عالية المستوى للتجارة في أرامكو,"تجديد مركز iRoc في الظهران، بما في ذلك غرفة المؤتمرات لتجارة أرامكو وأرامكو MIDRA","The renovation of the iRoc Center in Dhahran, including the conference room for Aramco Trading and Aramco MIDRA","تجديد مركز iRoc في الظهران، بما في ذلك غرفة المؤتمرات لتجارة أرامكو وأرامكو MIDRA",2021,"AV, Décor, Furniture","AV, Décor, Furniture","AV, Décor, Furniture",1,"<div class=""container"">
	<div class=""row"">
		<div class=""col-lg-8"">
			<div class=""section-title section-separator"">						
				<p class=""mb-0 subtitle py-2 py-lg-4"">تجديد مركز iRoc في الظهران، بما في ذلك غرفة المؤتمرات لتجارة أرامكو وأرامكو MIDRA، والذي تميز بأنظمة صوتية ومرئية متقدمة، وديكور عصري، وأثاث مريح. الهدف هو خلق بيئة احترافية ومتطورة تتماشى مع معايير أرامكو، مما يعزز كل من الوظائف والجمالية للاجتماعات والعروض التقديمية السلسة.</p>	
			</div>
		</div>
	</div>					
</div>","<div class=""container""><div class=""row""><div class=""col-lg-8""><div class=""section-title section-separator""><p class=""mb-0 subtitle py-2 py-lg-4"">The renovation of the iRoc Center in Dhahran, including the conference room for Aramco Trading and Aramco MIDRA, featured advanced AV systems, modern décor, and ergonomic furniture. The goal is to create a cutting-edge, professional environment that aligns with Aramco's standards, enhancing both functionality and aesthetics for seamless meetings and presentations.</p></div></div></div></div></div>","<div class=""container"">
	<div class=""row"">
		<div class=""col-lg-8"">
			<div class=""section-title section-separator"">						
				<p class=""mb-0 subtitle py-2 py-lg-4"">تجديد مركز iRoc في الظهران، بما في ذلك غرفة المؤتمرات لتجارة أرامكو وأرامكو MIDRA، والذي تميز بأنظمة صوتية ومرئية متقدمة، وديكور عصري، وأثاث مريح. الهدف هو خلق بيئة احترافية ومتطورة تتماشى مع معايير أرامكو، مما يعزز كل من الوظائف والجمالية للاجتماعات والعروض التقديمية السلسة.</p>	
			</div>
		</div>
	</div>					
</div>"
مدرسة عائشة,Aisha School,مدرسة عائشة,مشروع IDEC لمدرسة عائشة في الجبيل يشمل توريد وتركيب الأثاث الحديث وأنظمة الصوتيات والمرئيات المتقدمة.,IDEC project for Aisha School in Jubail involves the supply and installation of modern furniture and advanced AV systems.,مشروع IDEC لمدرسة عائشة في الجبيل يشمل توريد وتركيب الأثاث الحديث وأنظمة الصوتيات والمرئيات المتقدمة.,2022,"AV, Furniture","AV, Furniture","AV, Furniture",1,"<div class=""container"">
	<div class=""row"">
		<div class=""col-lg-8"">
			<div class=""section-title section-separator"">						
				<p class=""mb-0 subtitle py-2 py-lg-4"">مشروع IDEC لمدرسة عائشة في الجبيل يشمل توريد وتركيب الأثاث الحديث وأنظمة الصوتيات والمرئيات المتقدمة. الفكرة هي خلق بيئة تعليمية مريحة وعملية ومعززة تقنيًا للطلاب والموظفين.</p>	
			</div>
		</div>
	</div>					
</div>","<div class=""container""><div class=""row""><div class=""col-lg-8""><div class=""section-title section-separator""><p class=""mb-0 subtitle py-2 py-lg-4"">IDEC project for Aisha School in Jubail involves the supply and installation of modern furniture and advanced AV systems. The idea is to create a comfortable, functional, and technologically enhanced learning environment for students and staff.</p></div></div></div></div></div>","<div class=""container"">
	<div class=""row"">
		<div class=""col-lg-8"">
			<div class=""section-title section-separator"">						
				<p class=""mb-0 subtitle py-2 py-lg-4"">مشروع IDEC لمدرسة عائشة في الجبيل يشمل توريد وتركيب الأثاث الحديث وأنظمة الصوتيات والمرئيات المتقدمة. الفكرة هي خلق بيئة تعليمية مريحة وعملية ومعززة تقنيًا للطلاب والموظفين.</p>	
			</div>
		</div>
	</div>					
</div>"
Sipchem Prysm,Sipchem Prysm,Sipchem Prysm,"مشروع IDEC AV لشركة سيبكم DTV في الظهران يشمل تركيب شاشة تعاون بحجم 192 بوصة تم تصميمها لتعزيز التواصل الجماعي والعروض التقديمية.	","IDEC AV project for Sipchem DTV in Dhahran includes the installation of a 192"" collaboration screen designed to enhance team communication and presentations.",مشروع IDEC AV لشركة سيبكم DTV في الظهران يشمل تركيب شاشة تعاون بحجم 192 بوصة تم تصميمها لتعزيز التواصل الجماعي والعروض التقديمية.,2023,AV,AV,AV,1,"<div class=""container"">
	<div class=""row"">
		<div class=""col-lg-8"">
			<div class=""section-title section-separator"">						
				<p class=""mb-0 subtitle py-2 py-lg-4"">مشروع IDEC لمدرسة عائشة في الجبيل يشمل توريد وتركيب الأثاث الحديث وأنظمة الصوتيات والمرئيات المتقدمة. الفكرة هي خلق بيئة تعليمية مريحة وعملية ومعززة تقنيًا للطلاب والموظفين.</p>	
			</div>
		</div>
	</div>					
</div>","<div class=""container""><div class=""row""><div class=""col-lg-8""><div class=""section-title section-separator""><p class=""mb-0 subtitle py-2 py-lg-4"">IDEC AV project for Sipchem DTV in Dhahran includes the installation of a 192"" collaboration screen designed to enhance team communication and presentations. This display system will support seamless collaboration, providing a cutting-edge solution for meetings, video conferencing, and interactive sessions.</p></div></div></div></div></div>","<div class=""container"">
	<div class=""row"">
		<div class=""col-lg-8"">
			<div class=""section-title section-separator"">						
				<p class=""mb-0 subtitle py-2 py-lg-4"">مشروع IDEC لمدرسة عائشة في الجبيل يشمل توريد وتركيب الأثاث الحديث وأنظمة الصوتيات والمرئيات المتقدمة. الفكرة هي خلق بيئة تعليمية مريحة وعملية ومعززة تقنيًا للطلاب والموظفين.</p>	
			</div>
		</div>
	</div>					
</div>"
,,,,,,,,,,,,,
